1,Pause Gameplay,General,N/A,1
2,Save Progress,General,N/A,1
3,Tutorials,General,N/A,1
4,Difficulty Options,General,N/A,1
5,Fixed Save Points,General,N/A,1
6,Volume Controls,Auditory,N/A,1
7,Contrast Settings,Visual,N/A,1
8,Controller Customization,Fine motor,N/A,1
9,Partial,Fine motor,N/A,1
10,Keyboard Rebinding,Fine motor,N/A,1
11,Mouse Rebinding,Fine motor,N/A,1
12,Sticks,Fine motor,N/A,1
13,Buttons,Fine motor,N/A,1
14,Multiplayer Only,General,N/A,2
15,Internet Connection Required,General,N/A,2
16,Tutorials,General,N/A,2
17,Volume Controls,Auditory,N/A,2
18,Subtitles,Auditory,N/A,2
19,Resizable,Auditory,N/A,2
20,Contrast Settings,Visual,N/A,2
21,Colorblind Filters,Color,N/A,2
22,Controller Customization,Fine motor,N/A,2
23,Pause Gameplay,General,N/A,3
24,Tutorials,General,N/A,3
25,Difficulty Options,General,N/A,3
26,Volume Controls,Auditory,N/A,3
27,Pause Gameplay,General,N/A,4
28,Save Progress,General,N/A,4
29,Tutorials,General,N/A,4
30,Difficulty Options,General,N/A,4
31,Volume Controls,Auditory,N/A,4
32,Subtitles,Auditory,N/A,4
33,Resizable,Auditory,N/A,4
34,Contrast Settings,Visual,N/A,4
35,Controller Customization,Fine motor,N/A,4
36,Partial,Fine motor,N/A,4
37,Keyboard Rebinding,Fine motor,N/A,4
38,Mouse Rebinding,Fine motor,N/A,4
39,Sticks,Fine motor,N/A,4
40,Buttons,Fine motor,N/A,4
41,Pause Gameplay,General,N/A,5
42,Save Progress,General,N/A,5
43,Tutorials,General,N/A,5
44,Volume Controls,Auditory,N/A,5
45,Subtitles,Auditory,N/A,5
46,Contrast Settings,Visual,N/A,5
47,Controller Customization,Fine motor,N/A,5
48,Partial,Fine motor,N/A,5
49,Keyboard Rebinding,Fine motor,N/A,5
50,Sticks,Fine motor,N/A,5
51,Buttons,Fine motor,N/A,5
52,Pause Gameplay,General,N/A,6
53,Internet Connection Required,General,N/A,6
54,Save Progress,General,N/A,6
55,Tutorials,General,N/A,6
56,Difficulty Options,General,N/A,6
57,Volume Controls,Auditory,N/A,6
58,Subtitles,Auditory,N/A,6
59,Resizable,Auditory,N/A,6
60,Background,Auditory,N/A,6
61,Contrast Settings,Visual,N/A,6
62,Adjustable Interface Text,Visual,N/A,6
63,Narrator,Visual,N/A,6
64,Colorblind Filters,Color,N/A,6
65,Change Button Holds To Toggles,Fine motor,N/A,6
66,Quick-Time Events (QTEs),Fine motor,N/A,6
67,Controller Customization,Fine motor,N/A,6
68,Partial,Fine motor,N/A,6
69,Keyboard Rebinding,Fine motor,N/A,6
70,Mouse Rebinding,Fine motor,N/A,6
71,Sticks,Fine motor,N/A,6
72,Buttons,Fine motor,N/A,6
73,Pause Gameplay,General,N/A,7
74,Save Progress,General,N/A,7
75,Tutorials,General,N/A,7
76,Required Motion Controls,Fine motor,N/A,7
77,Save Progress,General,N/A,8
78,Tutorials,General,N/A,8
79,Fixed Save Points,General,N/A,8
80,Volume Controls,Auditory,N/A,8
81,Keyboard Rebinding,Fine motor,N/A,8
82,Mouse Rebinding,Fine motor,N/A,8
83,Internet Connection Required,General,N/A,9
84,Save Progress,General,N/A,9
85,Dedicated Accessibility Menu,General,N/A,9
86,Tutorials,General,N/A,9
87,Difficulty Options,General,N/A,9
88,Fixed Save Points,General,N/A,9
89,Volume Controls,Auditory,N/A,9
90,Subtitles,Auditory,N/A,9
91,Resizable,Auditory,N/A,9
92,Background,Auditory,N/A,9
93,Contrast Settings,Visual,N/A,9
94,Narrator,Visual,N/A,9
95,Customize HUD Color Scheme,Color,N/A,9
96,Colorblind Filters,Color,N/A,9
97,Change Button Holds To Toggles,Fine motor,N/A,9
98,Controller Customization,Fine motor,N/A,9
99,Partial,Fine motor,N/A,9
100,Keyboard Rebinding,Fine motor,N/A,9
101,Mouse Rebinding,Fine motor,N/A,9
102,Sticks,Fine motor,N/A,9
103,Buttons,Fine motor,N/A,9
104,Pause Gameplay,General,N/A,10
105,Save Progress,General,N/A,10
106,Tutorials,General,N/A,10
107,Fixed Save Points,General,N/A,10
108,Volume Controls,Auditory,N/A,10
109,Contrast Settings,Visual,N/A,10
110,Adjustable Interface Text,Visual,N/A,10
111,Customize HUD Color Scheme,Color,N/A,10
112,Colorblind Filters,Color,N/A,10
113,Controller Customization,Fine motor,N/A,10
114,Partial,Fine motor,N/A,10
115,Sticks,Fine motor,N/A,10
116,Buttons,Fine motor,N/A,10
117,Pause Gameplay,General,N/A,11
118,Save Progress,General,N/A,11
119,Tutorials,General,N/A,11
120,Difficulty Options,General,N/A,11
121,Fixed Save Points,General,N/A,11
122,Volume Controls,Auditory,N/A,11
123,Subtitles,Auditory,N/A,11
124,Contrast Settings,Visual,N/A,11
125,Colorblind Filters,Color,N/A,11
126,Controller Customization,Fine motor,N/A,11
127,Partial,Fine motor,N/A,11
128,Sticks,Fine motor,N/A,11
129,Buttons,Fine motor,N/A,11
130,Pause Gameplay,General,N/A,12
131,Save Progress,General,N/A,12
132,Tutorials,General,N/A,12
133,Fixed Save Points,General,N/A,12
134,Volume Controls,Auditory,N/A,12
135,Resizable,Auditory,N/A,12
136,Contrast Settings,Visual,N/A,12
137,Customize HUD Color Scheme,Color,N/A,12
138,Colorblind Filters,Color,N/A,12
139,Controller Customization,Fine motor,N/A,12
140,Partial,Fine motor,N/A,12
141,Sticks,Fine motor,N/A,12
142,Buttons,Fine motor,N/A,12
143,Pause Gameplay,General,N/A,13
144,Save Progress,General,N/A,13
145,Tutorials,General,N/A,13
146,Difficulty Options,General,N/A,13
147,Fixed Save Points,General,N/A,13
148,Volume Controls,Auditory,N/A,13
149,Subtitles,Auditory,N/A,13
150,Contrast Settings,Visual,N/A,13
151,Controller Customization,Fine motor,N/A,13
152,Sticks,Fine motor,N/A,13
153,Buttons,Fine motor,N/A,13
154,Save Progress,General,N/A,14
155,Tutorials,General,N/A,14
156,Volume Controls,Auditory,N/A,14
157,Subtitles,Auditory,N/A,14
158,Contrast Settings,Visual,N/A,14
159,Pause Gameplay,General,N/A,15
160,Save Progress,General,N/A,15
161,Tutorials,General,N/A,15
162,Difficulty Options,General,N/A,15
163,Volume Controls,Auditory,N/A,15
164,Subtitles,Auditory,N/A,15
165,Contrast Settings,Visual,N/A,15
166,Controller Customization,Fine motor,N/A,15
167,Partial,Fine motor,N/A,15
168,Sticks,Fine motor,N/A,15
169,Pause Gameplay,General,N/A,16
170,Save Progress,General,N/A,16
171,Tutorials,General,N/A,16
172,Difficulty Options,General,N/A,16
173,Volume Controls,Auditory,N/A,16
174,Subtitles,Auditory,N/A,16
175,Resizable,Auditory,N/A,16
176,Background,Auditory,N/A,16
177,Contrast Settings,Visual,N/A,16
178,Adjustable Interface Text,Visual,N/A,16
179,Customize HUD Color Scheme,Color,N/A,16
180,Change Button Holds To Toggles,Fine motor,N/A,16
181,Change Repeated Taps,Fine motor,N/A,16
182,Controller Customization,Fine motor,N/A,16
183,Partial,Fine motor,N/A,16
184,Sticks,Fine motor,N/A,16
185,Buttons,Fine motor,N/A,16
186,Pause Gameplay,General,N/A,17
187,Save Progress,General,N/A,17
188,Tutorials,General,N/A,17
189,Difficulty Options,General,N/A,17
190,Fixed Save Points,General,N/A,17
191,Volume Controls,Auditory,N/A,17
192,Subtitles,Auditory,N/A,17
193,Contrast Settings,Visual,N/A,17
194,Change Button Holds To Toggles,Fine motor,N/A,17
195,Controller Customization,Fine motor,N/A,17
196,Partial,Fine motor,N/A,17
197,Keyboard Rebinding,Fine motor,N/A,17
198,Mouse Rebinding,Fine motor,N/A,17
199,Sticks,Fine motor,N/A,17
200,Buttons,Fine motor,N/A,17
201,Pause Gameplay,General,N/A,18
202,Save Progress,General,N/A,18
203,Fixed Save Points,General,N/A,18
204,Volume Controls,Auditory,N/A,18
205,Pause Gameplay,General,N/A,19
206,Save Progress,General,N/A,19
207,Dedicated Accessibility Menu,General,N/A,19
208,Tutorials,General,N/A,19
209,Difficulty Options,General,N/A,19
210,Fixed Save Points,General,N/A,19
211,Volume Controls,Auditory,N/A,19
212,Subtitles,Auditory,N/A,19
213,Resizable,Auditory,N/A,19
214,Contrast Settings,Visual,N/A,19
215,Colorblind Filters,Color,N/A,19
216,Controller Customization,Fine motor,N/A,19
217,Partial,Fine motor,N/A,19
218,Sticks,Fine motor,N/A,19
219,Buttons,Fine motor,N/A,19
220,Pause Gameplay,General,N/A,20
221,Save Progress,General,N/A,20
222,Dedicated Accessibility Menu,General,N/A,20
223,Tutorials,General,N/A,20
224,Difficulty Options,General,N/A,20
225,Fixed Save Points,General,N/A,20
226,Volume Controls,Auditory,N/A,20
227,Subtitles,Auditory,N/A,20
228,Resizable,Auditory,N/A,20
229,Background,Auditory,N/A,20
230,Contrast Settings,Visual,N/A,20
231,Colorblind Filters,Color,N/A,20
232,Change Repeated Taps,Fine motor,N/A,20
233,Quick-Time Events (QTEs),Fine motor,N/A,20
234,Controller Customization,Fine motor,N/A,20
235,Keyboard Rebinding,Fine motor,N/A,20
236,Mouse Rebinding,Fine motor,N/A,20
237,Sticks,Fine motor,N/A,20
238,Buttons,Fine motor,N/A,20
239,Pause Gameplay,General,N/A,21
240,Save Progress,General,N/A,21
241,Tutorials,General,N/A,21
242,Difficulty Options,General,N/A,21
243,Volume Controls,Auditory,N/A,21
244,Subtitles,Auditory,N/A,21
245,Resizable,Auditory,N/A,21
246,Contrast Settings,Visual,N/A,21
247,Change Button Holds To Toggles,Fine motor,N/A,21
248,Controller Customization,Fine motor,N/A,21
249,Keyboard Rebinding,Fine motor,N/A,21
250,Mouse Rebinding,Fine motor,N/A,21
251,Pause Gameplay,General,N/A,22
252,Save Progress,General,N/A,22
253,Tutorials,General,N/A,22
254,Volume Controls,Auditory,N/A,22
255,Subtitles,Auditory,N/A,22
256,Contrast Settings,Visual,N/A,22
257,Adjustable Interface Text,Visual,N/A,22
258,Colorblind Filters,Color,N/A,22
259,Controller Customization,Fine motor,N/A,22
260,Partial,Fine motor,N/A,22
261,Sticks,Fine motor,N/A,22
262,Buttons,Fine motor,N/A,22
263,Pause Gameplay,General,N/A,23
264,Internet Connection Required,General,N/A,23
265,Multiplayer Only,General,N/A,23
266,Tutorials,General,N/A,23
267,Fixed Save Points,General,N/A,23
268,Volume Controls,Auditory,N/A,23
269,Subtitles,Auditory,N/A,23
270,Resizable,Auditory,N/A,23
271,Background,Auditory,N/A,23
272,Contrast Settings,Visual,N/A,23
273,Colorblind Filters,Color,N/A,23
274,Controller Customization,Fine motor,N/A,23
275,Partial,Fine motor,N/A,23
276,Sticks,Fine motor,N/A,23
277,Buttons,Fine motor,N/A,23
278,Pause Gameplay,General,N/A,24
279,Save Progress,General,N/A,24
280,Tutorials,General,N/A,24
281,Difficulty Options,General,N/A,24
282,Volume Controls,Auditory,N/A,24
283,Subtitles,Auditory,N/A,24
284,Resizable,Auditory,N/A,24
285,Background,Auditory,N/A,24
286,Contrast Settings,Visual,N/A,24
287,Customize HUD Color Scheme,Color,N/A,24
288,Colorblind Filters,Color,N/A,24
289,Controller Customization,Fine motor,N/A,24
290,Pause Gameplay,General,N/A,25
291,Save Progress,General,N/A,25
292,Tutorials,General,N/A,25
293,Difficulty Options,General,N/A,25
294,Subtitles,Auditory,N/A,25
295,Resizable,Auditory,N/A,25
296,Contrast Settings,Visual,N/A,25
297,Pause Gameplay,General,N/A,26
298,Save Progress,General,N/A,26
299,Tutorials,General,N/A,26
300,Difficulty Options,General,N/A,26
301,Fixed Save Points,General,N/A,26
302,Volume Controls,Auditory,N/A,26
303,Subtitles,Auditory,N/A,26
304,Screen Magnifier,Visual,N/A,26
305,Contrast Settings,Visual,N/A,26
306,Adjustable Interface Text,Visual,N/A,26
307,Controller Customization,Fine motor,N/A,26
308,Sticks,Fine motor,N/A,26
309,Buttons,Fine motor,N/A,26
310,Pause Gameplay,General,N/A,27
311,Internet Connection Required,General,N/A,27
312,Tutorials,General,N/A,27
313,Difficulty Options,General,N/A,27
314,Volume Controls,Auditory,N/A,27
315,Subtitles,Auditory,N/A,27
316,Contrast Settings,Visual,N/A,27
317,Controller Customization,Fine motor,N/A,27
318,Pause Gameplay,General,N/A,28
319,Internet Connection Required,General,N/A,28
320,Save Progress,General,N/A,28
321,Tutorials,General,N/A,28
322,Difficulty Options,General,N/A,28
323,Volume Controls,Auditory,N/A,28
324,Subtitles,Auditory,N/A,28
325,Contrast Settings,Visual,N/A,28
326,Controller Customization,Fine motor,N/A,28
327,Pause Gameplay,General,N/A,29
328,Save Progress,General,N/A,29
329,Tutorials,General,N/A,29
330,Difficulty Options,General,N/A,29
331,Volume Controls,Auditory,N/A,29
332,Contrast Settings,Visual,N/A,29
333,Controller Customization,Fine motor,N/A,29
334,Partial,Fine motor,N/A,29
335,Sticks,Fine motor,N/A,29
336,Buttons,Fine motor,N/A,29
337,Save Progress,General,N/A,30
338,Difficulty Options,General,N/A,30
339,Volume Controls,Auditory,N/A,30
340,Contrast Settings,Visual,N/A,30
341,Controller Customization,Fine motor,N/A,30
342,Pause Gameplay,General,N/A,31
343,Save Progress,General,N/A,31
344,Tutorials,General,N/A,31
345,Difficulty Options,General,N/A,31
346,Volume Controls,Auditory,N/A,31
347,Subtitles,Auditory,N/A,31
348,Contrast Settings,Visual,N/A,31
349,Controller Customization,Fine motor,N/A,31
350,Keyboard Rebinding,Fine motor,N/A,31
351,Mouse Rebinding,Fine motor,N/A,31
352,Sticks,Fine motor,N/A,31
353,Buttons,Fine motor,N/A,31
354,Pause Gameplay,General,N/A,32
355,Save Progress,General,N/A,32
356,Tutorials,General,N/A,32
357,Difficulty Options,General,N/A,32
358,Volume Controls,Auditory,N/A,32
359,Subtitles,Auditory,N/A,32
360,Contrast Settings,Visual,N/A,32
361,Controller Customization,Fine motor,N/A,32
362,Partial,Fine motor,N/A,32
363,Sticks,Fine motor,N/A,32
364,Buttons,Fine motor,N/A,32
365,Pause Gameplay,General,N/A,33
366,Save Progress,General,N/A,33
367,Tutorials,General,N/A,33
368,Difficulty Options,General,N/A,33
369,Volume Controls,Auditory,N/A,33
370,Subtitles,Auditory,N/A,33
371,Resizable,Auditory,N/A,33
372,Contrast Settings,Visual,N/A,33
373,Keyboard Rebinding,Fine motor,N/A,33
374,Mouse Rebinding,Fine motor,N/A,33
375,Internet Connection Required,General,N/A,34
376,Pause Gameplay,General,N/A,34
377,Save Progress,General,N/A,34
378,Tutorials,General,N/A,34
379,Difficulty Options,General,N/A,34
380,Volume Controls,Auditory,N/A,34
381,Subtitles,Auditory,N/A,34
382,Controller Customization,Fine motor,N/A,34
383,Partial,Fine motor,N/A,34
384,Sticks,Fine motor,N/A,34
385,Buttons,Fine motor,N/A,34
386,Pause Gameplay,General,N/A,35
387,Save Progress,General,N/A,35
388,Dedicated Accessibility Menu,General,N/A,35
389,Tutorials,General,N/A,35
390,Volume Controls,Auditory,N/A,35
391,Subtitles,Auditory,N/A,35
392,Resizable,Auditory,N/A,35
393,Background,Auditory,N/A,35
394,Adjustable Interface Text,Visual,N/A,35
395,Change Button Holds To Toggles,Fine motor,N/A,35
396,Pause Gameplay,General,N/A,36
397,Save Progress,General,N/A,36
398,Dedicated Accessibility Menu,General,N/A,36
399,Tutorials,General,N/A,36
400,Volume Controls,Auditory,N/A,36
401,Subtitles,Auditory,N/A,36
402,Contrast Settings,Visual,N/A,36
403,Colorblind Filters,Color,N/A,36
404,Controller Customization,Fine motor,N/A,36
405,Partial,Fine motor,N/A,36
406,Sticks,Fine motor,N/A,36
407,Buttons,Fine motor,N/A,36
408,Pause Gameplay,General,N/A,37
409,Save Progress,General,N/A,37
410,Tutorials,General,N/A,37
411,Volume Controls,Auditory,N/A,37
412,Pause Gameplay,General,N/A,38
413,Save Progress,General,N/A,38
414,Tutorials,General,N/A,38
415,Difficulty Options,General,N/A,38
416,Volume Controls,Auditory,N/A,38
417,Subtitles,Auditory,N/A,38
418,Adjustable Interface Text,Visual,N/A,38
419,Required Motion Controls,Fine motor,N/A,38
420,Pause Gameplay,General,N/A,39
421,Internet Connection Required,General,N/A,39
422,Save Progress,General,N/A,39
423,Tutorials,General,N/A,39
424,Difficulty Options,General,N/A,39
425,Fixed Save Points,General,N/A,39
426,Volume Controls,Auditory,N/A,39
427,Subtitles,Auditory,N/A,39
428,Resizable,Auditory,N/A,39
429,Background,Auditory,N/A,39
430,Contrast Settings,Visual,N/A,39
431,Adjustable Interface Text,Visual,N/A,39
432,Narrator,Visual,N/A,39
433,Customize HUD Color Scheme,Color,N/A,39
434,Change Button Holds To Toggles,Fine motor,N/A,39
435,Change Repeated Taps,Fine motor,N/A,39
436,Quick-Time Events (QTEs),Fine motor,N/A,39
437,Controller Customization,Fine motor,N/A,39
438,Keyboard Rebinding,Fine motor,N/A,39
439,Mouse Rebinding,Fine motor,N/A,39
440,Pause Gameplay,General,N/A,40
441,Save Progress,General,N/A,40
442,Tutorials,General,N/A,40
443,Difficulty Options,General,N/A,40
444,Fixed Save Points,General,N/A,40
445,Volume Controls,Auditory,N/A,40
446,Subtitles,Auditory,N/A,40
447,Resizable,Auditory,N/A,40
448,Contrast Settings,Visual,N/A,40
449,Narrator,Visual,N/A,40
450,Colorblind Filters,Color,N/A,40
451,Required Motion Controls,Fine motor,N/A,40
452,Change Repeated Taps,Fine motor,N/A,40
453,Quick-Time Events (QTEs),Fine motor,N/A,40
454,Controller Customization,Fine motor,N/A,40
455,Keyboard Rebinding,Fine motor,N/A,40
456,Mouse Rebinding,Fine motor,N/A,40
457,Pause Gameplay,General,N/A,41
458,Save Progress,General,N/A,41
459,Fixed Save Points,General,N/A,41
460,Volume Controls,Auditory,N/A,41
461,Pause Gameplay,General,N/A,42
462,Dedicated Accessibility Menu,General,N/A,42
463,Tutorials,General,N/A,42
464,Difficulty Options,General,N/A,42
465,Fixed Save Points,General,N/A,42
466,Volume Controls,Auditory,N/A,42
467,Subtitles,Auditory,N/A,42
468,Resizable,Auditory,N/A,42
469,Background,Auditory,N/A,42
470,Contrast Settings,Visual,N/A,42
471,Narrator,Visual,N/A,42
472,Colorblind Filters,Color,N/A,42
473,Controller Customization,Fine motor,N/A,42
474,Pause Gameplay,General,N/A,43
475,Save Progress,General,N/A,43
476,Dedicated Accessibility Menu,General,N/A,43
477,Tutorials,General,N/A,43
478,Difficulty Options,General,N/A,43
479,Volume Controls,Auditory,N/A,43
480,Subtitles,Auditory,N/A,43
481,Resizable,Auditory,N/A,43
482,Contrast Settings,Visual,N/A,43
483,Adjustable Interface Text,Visual,N/A,43
484,Colorblind Filters,Color,N/A,43
485,Change Button Holds To Toggles,Fine motor,N/A,43
486,Quick-Time Events (QTEs),Fine motor,N/A,43
487,Controller Customization,Fine motor,N/A,43
488,Keyboard Rebinding,Fine motor,N/A,43
489,Mouse Rebinding,Fine motor,N/A,43
490,Pause Gameplay,General,N/A,44
491,Save Progress,General,N/A,44
492,Dedicated Accessibility Menu,General,N/A,44
493,Tutorials,General,N/A,44
494,Difficulty Options,General,N/A,44
495,Fixed Save Points,General,N/A,44
496,Volume Controls,Auditory,N/A,44
497,Colorblind Filters,Color,N/A,44
498,Quick-Time Events (QTEs),Fine motor,N/A,44
499,Controller Customization,Fine motor,N/A,44
500,Partial,Fine motor,N/A,44
501,Keyboard Rebinding,Fine motor,N/A,44
502,Mouse Rebinding,Fine motor,N/A,44
503,Sticks,Fine motor,N/A,44
504,Buttons,Fine motor,N/A,44
505,Pause Gameplay,General,N/A,45
506,Save Progress,General,N/A,45
507,Dedicated Accessibility Menu,General,N/A,45
508,Tutorials,General,N/A,45
509,Difficulty Options,General,N/A,45
510,Volume Controls,Auditory,N/A,45
511,Subtitles,Auditory,N/A,45
512,Resizable,Auditory,N/A,45
513,Contrast Settings,Visual,N/A,45
514,Adjustable Interface Text,Visual,N/A,45
515,Required Motion Controls,Fine motor,N/A,45
516,Change Button Holds To Toggles,Fine motor,N/A,45
517,Quick-Time Events (QTEs),Fine motor,N/A,45
518,Controller Customization,Fine motor,N/A,45
519,Partial,Fine motor,N/A,45
520,Sticks,Fine motor,N/A,45
521,Buttons,Fine motor,N/A,45
522,Pause Gameplay,General,N/A,46
523,Save Progress,General,N/A,46
524,Dedicated Accessibility Menu,General,N/A,46
525,Tutorials,General,N/A,46
526,Difficulty Options,General,N/A,46
527,Volume Controls,Auditory,N/A,46
528,Subtitles,Auditory,N/A,46
529,Contrast Settings,Visual,N/A,46
530,Adjustable Interface Text,Visual,N/A,46
531,Change Button Holds To Toggles,Fine motor,N/A,46
532,Controller Customization,Fine motor,N/A,46
533,Partial,Fine motor,N/A,46
534,Sticks,Fine motor,N/A,46
535,Buttons,Fine motor,N/A,46
536,Pause Gameplay,General,N/A,47
537,Save Progress,General,N/A,47
538,Dedicated Accessibility Menu,General,N/A,47
539,Tutorials,General,N/A,47
540,Difficulty Options,General,N/A,47
541,Volume Controls,Auditory,N/A,47
542,Subtitles,Auditory,N/A,47
543,Resizable,Auditory,N/A,47
544,Background,Auditory,N/A,47
545,Contrast Settings,Visual,N/A,47
546,Adjustable Interface Text,Visual,N/A,47
547,Quick-Time Events (QTEs),Fine motor,N/A,47
548,Controller Customization,Fine motor,N/A,47
549,Partial,Fine motor,N/A,47
550,Buttons,Fine motor,N/A,47
551,Pause Gameplay,General,N/A,48
552,Save Progress,General,N/A,48
553,Tutorials,General,N/A,48
554,Difficulty Options,General,N/A,48
555,Fixed Save Points,General,N/A,48
556,Volume Controls,Auditory,N/A,48
557,Subtitles,Auditory,N/A,48
558,Contrast Settings,Visual,N/A,48
559,Quick-Time Events (QTEs),Fine motor,N/A,48
560,Pause Gameplay,General,N/A,49
561,Save Progress,General,N/A,49
562,Tutorials,General,N/A,49
563,Difficulty Options,General,N/A,49
564,Volume Controls,Auditory,N/A,49
565,Controller Customization,Fine motor,N/A,49
566,Partial,Fine motor,N/A,49
567,Sticks,Fine motor,N/A,49
568,Buttons,Fine motor,N/A,49
569,Pause Gameplay,General,N/A,50
570,Save Progress,General,N/A,50
571,Tutorials,General,N/A,50
572,Fixed Save Points,General,N/A,50
573,Volume Controls,Auditory,N/A,50
574,Pause Gameplay,General,N/A,51
575,Save Progress,General,N/A,51
576,Tutorials,General,N/A,51
577,Difficulty Options,General,N/A,51
578,Volume Controls,Auditory,N/A,51
579,Contrast Settings,Visual,N/A,51
580,Controller Customization,Fine motor,N/A,51
581,Partial,Fine motor,N/A,51
582,Sticks,Fine motor,N/A,51
583,Pause Gameplay,General,N/A,52
584,Save Progress,General,N/A,52
585,Fixed Save Points,General,N/A,52
586,Volume Controls,Auditory,N/A,52
587,Subtitles,Auditory,N/A,52
588,Contrast Settings,Visual,N/A,52
589,Controller Customization,Fine motor,N/A,52
590,Partial,Fine motor,N/A,52
591,Keyboard Rebinding,Fine motor,N/A,52
592,Mouse Rebinding,Fine motor,N/A,52
593,Sticks,Fine motor,N/A,52
594,Pause Gameplay,General,N/A,53
595,Save Progress,General,N/A,53
596,Tutorials,General,N/A,53
597,Difficulty Options,General,N/A,53
598,Fixed Save Points,General,N/A,53
599,Volume Controls,Auditory,N/A,53
600,Subtitles,Auditory,N/A,53
601,Contrast Settings,Visual,N/A,53
602,Keyboard Rebinding,Fine motor,N/A,53
603,Mouse Rebinding,Fine motor,N/A,53
604,Mouse Rebinding,Fine motor,N/A,53
605,Pause Gameplay,General,N/A,54
606,Save Progress,General,N/A,54
607,Tutorials,General,N/A,54
608,Difficulty Options,General,N/A,54
609,Fixed Save Points,General,N/A,54
610,Volume Controls,Auditory,N/A,54
611,Subtitles,Auditory,N/A,54
612,Controller Customization,Fine motor,N/A,54
613,Keyboard Rebinding,Fine motor,N/A,54
614,Save Progress,General,N/A,55
615,Tutorials,General,N/A,55
616,Difficulty Options,General,N/A,55
617,Volume Controls,Auditory,N/A,55
618,Pause Gameplay,General,N/A,56
619,Save Progress,General,N/A,56
620,Tutorials,General,N/A,56
621,Difficulty Options,General,N/A,56
622,Volume Controls,Auditory,N/A,56
623,Subtitles,Auditory,N/A,56
624,Resizable,Auditory,N/A,56
625,Contrast Settings,Visual,N/A,56
626,Narrator,Visual,N/A,56
627,Colorblind Filters,Color,N/A,56
628,Controller Customization,Fine motor,N/A,56
629,Partial,Fine motor,N/A,56
630,Keyboard Rebinding,Fine motor,N/A,56
631,Mouse Rebinding,Fine motor,N/A,56
632,Sticks,Fine motor,N/A,56
633,Buttons,Fine motor,N/A,56
634,Pause Gameplay,General,N/A,57
635,Save Progress,General,N/A,57
636,Fixed Save Points,General,N/A,57
637,Required Motion Controls,Fine motor,N/A,57
638,Controller Customization,Fine motor,N/A,57
639,Partial,Fine motor,N/A,57
640,Sticks,Fine motor,N/A,57
641,Buttons,Fine motor,N/A,57
642,Pause Gameplay,General,N/A,58
643,Save Progress,General,N/A,58
644,Tutorials,General,N/A,58
645,Difficulty Options,General,N/A,58
646,Fixed Save Points,General,N/A,58
647,Volume Controls,Auditory,N/A,58
648,Contrast Settings,Visual,N/A,58
649,Customize HUD Color Scheme,Color,N/A,58
650,Controller Customization,Fine motor,N/A,58
651,Partial,Fine motor,N/A,58
652,Sticks,Fine motor,N/A,58
653,Buttons,Fine motor,N/A,58
654,Pause Gameplay,General,N/A,59
655,Save Progress,General,N/A,59
656,Tutorials,General,N/A,59
657,Fixed Save Points,General,N/A,59
658,Pause Gameplay,General,N/A,60
659,Save Progress,General,N/A,60
660,Tutorials,General,N/A,60
661,Fixed Save Points,General,N/A,60
662,Pause Gameplay,General,N/A,61
663,Save Progress,General,N/A,61
664,Tutorials,General,N/A,61
665,Difficulty Options,General,N/A,61
666,Volume Controls,Auditory,N/A,61
667,Contrast Settings,Visual,N/A,61
668,Pause Gameplay,General,N/A,62
669,Save Progress,General,N/A,62
670,Tutorials,General,N/A,62
671,Difficulty Options,General,N/A,62
672,Volume Controls,Auditory,N/A,62
673,Contrast Settings,Visual,N/A,62
674,Pause Gameplay,General,N/A,63
675,Save Progress,General,N/A,63
676,Tutorials,General,N/A,63
677,Subtitles,Auditory,N/A,63
678,Dedicated Accessibility Menu,General,N/A,64
679,Difficulty Options,General,N/A,64
680,Volume Controls,Auditory,N/A,64
681,Contrast Settings,Visual,N/A,64
682,Narrator,Visual,N/A,64
683,Colorblind Filters,Color,N/A,64
684,Pause Gameplay,General,N/A,65
685,Save Progress,General,N/A,65
686,Dedicated Accessibility Menu,General,N/A,65
687,Tutorials,General,N/A,65
688,Difficulty Options,General,N/A,65
689,Fixed Save Points,General,N/A,65
690,Volume Controls,Auditory,N/A,65
691,Contrast Settings,Visual,N/A,65
692,Narrator,Visual,N/A,65
693,Colorblind Filters,Color,N/A,65
694,Save Progress,General,N/A,66
695,Tutorials,General,N/A,66
696,Difficulty Options,General,N/A,66
697,Subtitles,Auditory,N/A,66
698,Pause Gameplay,General,N/A,67
699,Save Progress,General,N/A,67
700,Fixed Save Points,General,N/A,67
701,Change Button Holds To Toggles,Fine motor,N/A,67
702,Save Progress,General,N/A,68
703,Tutorials,General,N/A,68
704,Fixed Save Points,General,N/A,68
705,Subtitles,Auditory,N/A,68
706,Controller Customization,Fine motor,N/A,68
707,Partial,Fine motor,N/A,68
708,Sticks,Fine motor,N/A,68
709,Pause Gameplay,General,N/A,69
710,Save Progress,General,N/A,69
711,Tutorials,General,N/A,69
712,Fixed Save Points,General,N/A,69
713,Subtitles,Auditory,N/A,69
714,Quick-Time Events (QTEs),Fine motor,N/A,69
715,Controller Customization,Fine motor,N/A,69
716,Partial,Fine motor,N/A,69
717,Sticks,Fine motor,N/A,69
718,Buttons,Fine motor,N/A,69
719,Pause Gameplay,General,N/A,70
720,Save Progress,General,N/A,70
721,Tutorials,General,N/A,70
722,Difficulty Options,General,N/A,70
723,Fixed Save Points,General,N/A,70
724,Volume Controls,Auditory,N/A,70
725,Subtitles,Auditory,N/A,70
726,Controller Customization,Fine motor,N/A,70
727,Partial,Fine motor,N/A,70
728,Sticks,Fine motor,N/A,70
729,Buttons,Fine motor,N/A,70
730,Save Progress,General,N/A,71
731,Tutorials,General,N/A,71
732,Difficulty Options,General,N/A,71
733,Fixed Save Points,General,N/A,71
734,Volume Controls,Auditory,N/A,71
735,Subtitles,Auditory,N/A,71
736,Resizable,Auditory,N/A,71
737,Contrast Settings,Visual,N/A,71
738,Change Button Holds To Toggles,Fine motor,N/A,71
739,Change Repeated Taps,Fine motor,N/A,71
740,Quick-Time Events (QTEs),Fine motor,N/A,71
741,Controller Customization,Fine motor,N/A,71
742,Partial,Fine motor,N/A,71
743,Sticks,Fine motor,N/A,71
744,Buttons,Fine motor,N/A,71
745,Pause Gameplay,General,N/A,72
746,Save Progress,General,N/A,72
747,Tutorials,General,N/A,72
748,Difficulty Options,General,N/A,72
749,Fixed Save Points,General,N/A,72
750,Volume Controls,Auditory,N/A,72
751,Subtitles,Auditory,N/A,72
752,Resizable,Auditory,N/A,72
753,Background,Auditory,N/A,72
754,Contrast Settings,Visual,N/A,72
755,Change Button Holds To Toggles,Fine motor,N/A,72
756,Change Repeated Taps,Fine motor,N/A,72
757,Quick-Time Events (QTEs),Fine motor,N/A,72
758,Controller Customization,Fine motor,N/A,72
759,Partial,Fine motor,N/A,72
760,Sticks,Fine motor,N/A,72
761,Buttons,Fine motor,N/A,72
762,Pause Gameplay,General,N/A,73
763,Save Progress,General,N/A,73
764,Tutorials,General,N/A,73
765,Difficulty Options,General,N/A,73
766,Volume Controls,Auditory,N/A,73
767,Subtitles,Auditory,N/A,73
768,Contrast Settings,Visual,N/A,73
769,Controller Customization,Fine motor,N/A,73
770,Partial,Fine motor,N/A,73
771,Sticks,Fine motor,N/A,73
772,Buttons,Fine motor,N/A,73
773,Pause Gameplay,General,N/A,74
774,Save Progress,General,N/A,74
775,Tutorials,General,N/A,74
776,Fixed Save Points,General,N/A,74
777,Contrast Settings,Visual,N/A,74
778,Pause Gameplay,General,N/A,75
779,Save Progress,General,N/A,75
780,Dedicated Accessibility Menu,General,N/A,75
781,Tutorials,General,N/A,75
782,Difficulty Options,General,N/A,75
783,Volume Controls,Auditory,N/A,75
784,Subtitles,Auditory,N/A,75
785,Adjustable Interface Text,Visual,N/A,75
786,Narrator,Visual,N/A,75
787,Controller Customization,Fine motor,N/A,75
788,Pause Gameplay,General,N/A,76
789,Save Progress,General,N/A,76
790,Tutorials,General,N/A,76
791,Difficulty Options,General,N/A,76
792,Fixed Save Points,General,N/A,76
793,Volume Controls,Auditory,N/A,76
794,Subtitles,Auditory,N/A,76
795,Contrast Settings,Visual,N/A,76
796,Controller Customization,Fine motor,N/A,76
797,Partial,Fine motor,N/A,76
798,Sticks,Fine motor,N/A,76
799,Buttons,Fine motor,N/A,76
800,Pause Gameplay,General,N/A,77
801,Save Progress,General,N/A,77
802,Tutorials,General,N/A,77
803,Difficulty Options,General,N/A,77
804,Fixed Save Points,General,N/A,77
805,Volume Controls,Auditory,N/A,77
806,Subtitles,Auditory,N/A,77
807,Contrast Settings,Visual,N/A,77
808,Controller Customization,Fine motor,N/A,77
809,Partial,Fine motor,N/A,77
810,Sticks,Fine motor,N/A,77
811,Buttons,Fine motor,N/A,77
812,Pause Gameplay,General,N/A,78
813,Save Progress,General,N/A,78
814,Tutorials,General,N/A,78
815,Difficulty Options,General,N/A,78
816,Volume Controls,Auditory,N/A,78
817,Subtitles,Auditory,N/A,78
818,Pause Gameplay,General,N/A,79
819,Save Progress,General,N/A,79
820,Tutorials,General,N/A,79
821,Difficulty Options,General,N/A,79
822,Volume Controls,Auditory,N/A,79
823,Subtitles,Auditory,N/A,79
824,Pause Gameplay,General,N/A,80
825,Save Progress,General,N/A,80
826,Tutorials,General,N/A,80
827,Difficulty Options,General,N/A,80
828,Volume Controls,Auditory,N/A,80
829,Subtitles,Auditory,N/A,80
830,Pause Gameplay,General,N/A,81
831,Save Progress,General,N/A,81
832,Tutorials,General,N/A,81
833,Difficulty Options,General,N/A,81
834,Volume Controls,Auditory,N/A,81
835,Subtitles,Auditory,N/A,81
836,Pause Gameplay,General,N/A,82
837,Save Progress,General,N/A,82
838,Tutorials,General,N/A,82
839,Difficulty Options,General,N/A,82
840,Volume Controls,Auditory,N/A,82
841,Subtitles,Auditory,N/A,82
842,Customize HUD Color Scheme,Color,N/A,82
843,Pause Gameplay,General,N/A,83
844,Save Progress,General,N/A,83
845,Difficulty Options,General,N/A,83
846,Volume Controls,Auditory,N/A,83
847,Subtitles,Auditory,N/A,83
848,Customize HUD Color Scheme,Color,N/A,83
849,Pause Gameplay,General,N/A,84
850,Save Progress,General,N/A,84
851,Tutorials,General,N/A,84
852,Difficulty Options,General,N/A,84
853,Volume Controls,Auditory,N/A,84
854,Subtitles,Auditory,N/A,84
855,Contrast Settings,Visual,N/A,84
856,Narrator,Visual,N/A,84
857,Colorblind Filters,Color,N/A,84
858,Controller Customization,Fine motor,N/A,84
859,Partial,Fine motor,N/A,84
860,Buttons,Fine motor,N/A,84
861,Pause Gameplay,General,N/A,85
862,Save Progress,General,N/A,85
863,Dedicated Accessibility Menu,General,N/A,85
864,Tutorials,General,N/A,85
865,Difficulty Options,General,N/A,85
866,Fixed Save Points,General,N/A,85
867,Volume Controls,Auditory,N/A,85
868,Contrast Settings,Visual,N/A,85
869,Colorblind Filters,Color,N/A,85
870,Internet Connection Required,General,N/A,86
871,Multiplayer Only,General,N/A,86
872,Save Progress,General,N/A,86
873,Volume Controls,Auditory,N/A,86
874,Contrast Settings,Visual,N/A,86
875,Controller Customization,Fine motor,N/A,86
876,Partial,Fine motor,N/A,86
877,Buttons,Fine motor,N/A,86
878,Pause Gameplay,General,N/A,87
879,Save Progress,General,N/A,87
880,Tutorials,General,N/A,87
881,Difficulty Options,General,N/A,87
882,Fixed Save Points,General,N/A,87
883,Volume Controls,Auditory,N/A,87
884,Subtitles,Auditory,N/A,87
885,Pause Gameplay,General,N/A,88
886,Save Progress,General,N/A,88
887,Tutorials,General,N/A,88
888,Difficulty Options,General,N/A,88
889,Fixed Save Points,General,N/A,88
890,Volume Controls,Auditory,N/A,88
891,Subtitles,Auditory,N/A,88
892,Controller Customization,Fine motor,N/A,88
893,Partial,Fine motor,N/A,88
894,Sticks,Fine motor,N/A,88
895,Buttons,Fine motor,N/A,88
896,Internet Connection Required,General,N/A,89
897,Multiplayer Only,General,N/A,89
898,Save Progress,General,N/A,89
899,Tutorials,General,N/A,89
900,Fixed Save Points,General,N/A,89
901,Volume Controls,Auditory,N/A,89
902,Subtitles,Auditory,N/A,89
903,Contrast Settings,Visual,N/A,89
904,Pause Gameplay,General,N/A,90
905,Save Progress,General,N/A,90
906,Tutorials,General,N/A,90
907,Fixed Save Points,General,N/A,90
908,Volume Controls,Auditory,N/A,90
909,Subtitles,Auditory,N/A,90
910,Change Button Holds To Toggles,Fine motor,N/A,90
911,Quick-Time Events (QTEs),Fine motor,N/A,90
912,Controller Customization,Fine motor,N/A,90
913,Partial,Fine motor,N/A,90
914,Sticks,Fine motor,N/A,90
915,Buttons,Fine motor,N/A,90
916,Pause Gameplay,General,N/A,91
917,Save Progress,General,N/A,91
918,Dedicated Accessibility Menu,General,N/A,91
919,Tutorials,General,N/A,91
920,Difficulty Options,General,N/A,91
921,Fixed Save Points,General,N/A,91
922,Volume Controls,Auditory,N/A,91
923,Narrator,Visual,N/A,91
924,Colorblind Filters,Color,N/A,91
925,Controller Customization,Fine motor,N/A,91
926,Partial,Fine motor,N/A,91
927,Sticks,Fine motor,N/A,91
928,Pause Gameplay,General,N/A,92
929,Dedicated Accessibility Menu,General,N/A,92
930,Tutorials,General,N/A,92
931,Difficulty Options,General,N/A,92
932,Volume Controls,Auditory,N/A,92
933,Contrast Settings,Visual,N/A,92
934,Narrator,Visual,N/A,92
935,Colorblind Filters,Color,N/A,92
936,Controller Customization,Fine motor,N/A,92
937,Partial,Fine motor,N/A,92
938,Sticks,Fine motor,N/A,92
939,Buttons,Fine motor,N/A,92
940,Save Progress,General,N/A,93
941,Tutorials,General,N/A,93
942,Difficulty Options,General,N/A,93
943,Volume Controls,Auditory,N/A,93
944,Contrast Settings,Visual,N/A,93
945,Pause Gameplay,General,N/A,94
946,Save Progress,General,N/A,94
947,Tutorials,General,N/A,94
948,Difficulty Options,General,N/A,94
949,Fixed Save Points,General,N/A,94
950,Volume Controls,Auditory,N/A,94
951,Subtitles,Auditory,N/A,94
952,Contrast Settings,Visual,N/A,94
953,Pause Gameplay,General,N/A,95
954,Save Progress,General,N/A,95
955,Tutorials,General,N/A,95
956,Difficulty Options,General,N/A,95
957,Volume Controls,Auditory,N/A,95
958,Pause Gameplay,General,N/A,96
959,Save Progress,General,N/A,96
960,Tutorials,General,N/A,96
961,Volume Controls,Auditory,N/A,96
962,Subtitles,Auditory,N/A,96
963,Internet Connection Required,General,N/A,97
964,Multiplayer Only,General,N/A,97
965,Tutorials,General,N/A,97
966,Volume Controls,Auditory,N/A,97
967,Subtitles,Auditory,N/A,97
968,Contrast Settings,Visual,N/A,97
969,Customize HUD Color Scheme,Color,N/A,97
970,Colorblind Filters,Color,N/A,97
971,Change Button Holds To Toggles,Fine motor,N/A,97
972,Controller Customization,Fine motor,N/A,97
973,Partial,Fine motor,N/A,97
974,Sticks,Fine motor,N/A,97
975,Buttons,Fine motor,N/A,97
976,Pause Gameplay,General,N/A,98
977,Save Progress,General,N/A,98
978,Tutorials,General,N/A,98
979,Subtitles,Auditory,N/A,98
980,Contrast Settings,Visual,N/A,98
981,Pause Gameplay,General,N/A,99
982,Save Progress,General,N/A,99
983,Tutorials,General,N/A,99
984,Subtitles,Auditory,N/A,99
985,Contrast Settings,Visual,N/A,99
986,Pause Gameplay,General,N/A,100
987,Save Progress,General,N/A,100
988,Tutorials,General,N/A,100
989,Difficulty Options,General,N/A,100
990,Fixed Save Points,General,N/A,100
991,Subtitles,Auditory,N/A,100
992,Contrast Settings,Visual,N/A,100
993,Controller Customization,Fine motor,N/A,100
994,Partial,Fine motor,N/A,100
995,Sticks,Fine motor,N/A,100
996,Buttons,Fine motor,N/A,100
997,Pause Gameplay,General,N/A,101
998,Save Progress,General,N/A,101
999,Tutorials,General,N/A,101
1000,Difficulty Options,General,N/A,101
1001,Fixed Save Points,General,N/A,101
1002,Subtitles,Auditory,N/A,101
1003,Save Progress,General,N/A,102
1004,Tutorials,General,N/A,102
1005,Fixed Save Points,General,N/A,102
1006,Save Progress,General,N/A,103
1007,Tutorials,General,N/A,103
1008,Fixed Save Points,General,N/A,103
1009,Volume Controls,Auditory,N/A,103
1010,Contrast Settings,Visual,N/A,103
1011,Narrator,Visual,N/A,103
1012,Colorblind Filters,Color,N/A,103
1013,Controller Customization,Fine motor,N/A,103
1014,Partial,Fine motor,N/A,103
1015,Sticks,Fine motor,N/A,103
1016,Buttons,Fine motor,N/A,103
1017,Internet Connection Required,General,N/A,104
1018,Save Progress,General,N/A,104
1019,Difficulty Options,General,N/A,104
1020,Fixed Save Points,General,N/A,104
1021,Volume Controls,Auditory,N/A,104
1022,Subtitles,Auditory,N/A,104
1023,Controller Customization,Fine motor,N/A,104
1024,Partial,Fine motor,N/A,104
1025,Sticks,Fine motor,N/A,104
1026,Save Progress,General,N/A,105
1027,Tutorials,General,N/A,105
1028,Subtitles,Auditory,N/A,105
1029,Pause Gameplay,General,N/A,106
1030,Save Progress,General,N/A,106
1031,Tutorials,General,N/A,106
1032,Volume Controls,Auditory,N/A,106
1033,Subtitles,Auditory,N/A,106
1034,Save Progress,General,N/A,107
1035,Tutorials,General,N/A,107
1036,Fixed Save Points,General,N/A,107
1037,Subtitles,Auditory,N/A,107
1038,Internet Connection Required,General,N/A,108
1039,Multiplayer Only,General,N/A,108
1040,Save Progress,General,N/A,108
1041,Tutorials,General,N/A,108
1042,Volume Controls,Auditory,N/A,108
1043,Subtitles,Auditory,N/A,108
1044,Resizable,Auditory,N/A,108
1045,Background,Auditory,N/A,108
1046,Contrast Settings,Visual,N/A,108
1047,Change Button Holds To Toggles,Fine motor,N/A,108
1048,Controller Customization,Fine motor,N/A,108
1049,Partial,Fine motor,N/A,108
1050,Keyboard Rebinding,Fine motor,N/A,108
1051,Mouse Rebinding,Fine motor,N/A,108
1052,Sticks,Fine motor,N/A,108
1053,Buttons,Fine motor,N/A,108
1054,Pause Gameplay,General,N/A,109
1055,Save Progress,General,N/A,109
1056,Dedicated Accessibility Menu,General,N/A,109
1057,Tutorials,General,N/A,109
1058,Difficulty Options,General,N/A,109
1059,Fixed Save Points,General,N/A,109
1060,Volume Controls,Auditory,N/A,109
1061,Subtitles,Auditory,N/A,109
1062,Resizable,Auditory,N/A,109
1063,Contrast Settings,Visual,N/A,109
1064,Colorblind Filters,Color,N/A,109
1065,Change Button Holds To Toggles,Fine motor,N/A,109
1066,Controller Customization,Fine motor,N/A,109
1067,Pause Gameplay,General,N/A,110
1068,Internet Connection Required,General,N/A,110
1069,Save Progress,General,N/A,110
1070,Tutorials,General,N/A,110
1071,Difficulty Options,General,N/A,110
1072,Contrast Settings,Visual,N/A,110
1073,Keyboard Rebinding,Fine motor,N/A,110
1074,Mouse Rebinding,Fine motor,N/A,110
1075,Pause Gameplay,General,N/A,111
1076,Save Progress,General,N/A,111
1077,Tutorials,General,N/A,111
1078,Difficulty Options,General,N/A,111
1079,Volume Controls,Auditory,N/A,111
1080,Subtitles,Auditory,N/A,111
1081,Contrast Settings,Visual,N/A,111
1082,Change Button Holds To Toggles,Fine motor,N/A,111
1083,Controller Customization,Fine motor,N/A,111
1084,Partial,Fine motor,N/A,111
1085,Keyboard Rebinding,Fine motor,N/A,111
1086,Mouse Rebinding,Fine motor,N/A,111
1087,Sticks,Fine motor,N/A,111
1088,Buttons,Fine motor,N/A,111
1089,Pause Gameplay,General,N/A,112
1090,Save Progress,General,N/A,112
1091,Difficulty Options,General,N/A,112
1092,Volume Controls,Auditory,N/A,112
1093,Contrast Settings,Visual,N/A,112
1094,Adjustable Interface Text,Visual,N/A,112
1095,Customize HUD Color Scheme,Color,N/A,112
1096,Required Motion Controls,Fine motor,N/A,112
1097,Controller Customization,Fine motor,N/A,112
1098,Partial,Fine motor,N/A,112
1099,Keyboard Rebinding,Fine motor,N/A,112
1100,Sticks,Fine motor,N/A,112
1101,Buttons,Fine motor,N/A,112
1102,Pause Gameplay,General,N/A,113
1103,Save Progress,General,N/A,113
1104,Tutorials,General,N/A,113
1105,Difficulty Options,General,N/A,113
1106,Volume Controls,Auditory,N/A,113
1107,Subtitles,Auditory,N/A,113
1108,Pause Gameplay,General,N/A,114
1109,Save Progress,General,N/A,114
1110,Tutorials,General,N/A,114
1111,Difficulty Options,General,N/A,114
1112,Fixed Save Points,General,N/A,114
1113,Volume Controls,Auditory,N/A,114
1114,Subtitles,Auditory,N/A,114
1115,Resizable,Auditory,N/A,114
1116,Background,Auditory,N/A,114
1117,Contrast Settings,Visual,N/A,114
1118,Customize HUD Color Scheme,Color,N/A,114
1119,Change Button Holds To Toggles,Fine motor,N/A,114
1120,Controller Customization,Fine motor,N/A,114
1121,Partial,Fine motor,N/A,114
1122,Sticks,Fine motor,N/A,114
1123,Buttons,Fine motor,N/A,114
1124,Pause Gameplay,General,N/A,115
1125,Save Progress,General,N/A,115
1126,Dedicated Accessibility Menu,General,N/A,115
1127,Tutorials,General,N/A,115
1128,Volume Controls,Auditory,N/A,115
1129,Subtitles,Auditory,N/A,115
1130,Contrast Settings,Visual,N/A,115
1131,Customize HUD Color Scheme,Color,N/A,115
1132,Colorblind Filters,Color,N/A,115
1133,Change Repeated Taps,Fine motor,N/A,115
1134,Controller Customization,Fine motor,N/A,115
1135,Partial,Fine motor,N/A,115
1136,Sticks,Fine motor,N/A,115
1137,Buttons,Fine motor,N/A,115
1138,Pause Gameplay,General,N/A,116
1139,Save Progress,General,N/A,116
1140,Tutorials,General,N/A,116
1141,Difficulty Options,General,N/A,116
1142,Fixed Save Points,General,N/A,116
1143,Volume Controls,Auditory,N/A,116
1144,Subtitles,Auditory,N/A,116
1145,Contrast Settings,Visual,N/A,116
1146,Adjustable Interface Text,Visual,N/A,116
1147,Customize HUD Color Scheme,Color,N/A,116
1148,Controller Customization,Fine motor,N/A,116
1149,Partial,Fine motor,N/A,116
1150,Sticks,Fine motor,N/A,116
1151,Buttons,Fine motor,N/A,116
1152,Pause Gameplay,General,N/A,117
1153,Save Progress,General,N/A,117
1154,Tutorials,General,N/A,117
1155,Difficulty Options,General,N/A,117
1156,Fixed Save Points,General,N/A,117
1157,Volume Controls,Auditory,N/A,117
1158,Subtitles,Auditory,N/A,117
1159,Contrast Settings,Visual,N/A,117
1160,Adjustable Interface Text,Visual,N/A,117
1161,Customize HUD Color Scheme,Color,N/A,117
1162,Change Button Holds To Toggles,Fine motor,N/A,117
1163,Quick-Time Events (QTEs),Fine motor,N/A,117
1164,Controller Customization,Fine motor,N/A,117
1165,Partial,Fine motor,N/A,117
1166,Keyboard Rebinding,Fine motor,N/A,117
1167,Mouse Rebinding,Fine motor,N/A,117
1168,Sticks,Fine motor,N/A,117
1169,Buttons,Fine motor,N/A,117
1170,Pause Gameplay,General,N/A,118
1171,Save Progress,General,N/A,118
1172,Tutorials,General,N/A,118
1173,Volume Controls,Auditory,N/A,118
1174,Subtitles,Auditory,N/A,118
1175,Resizable,Auditory,N/A,118
1176,Background,Auditory,N/A,118
1177,Contrast Settings,Visual,N/A,118
1178,Customize HUD Color Scheme,Color,N/A,118
1179,Colorblind Filters,Color,N/A,118
1180,Change Button Holds To Toggles,Fine motor,N/A,118
1181,Controller Customization,Fine motor,N/A,118
1182,Pause Gameplay,General,N/A,119
1183,Save Progress,General,N/A,119
1184,Tutorials,General,N/A,119
1185,Difficulty Options,General,N/A,119
1186,Volume Controls,Auditory,N/A,119
1187,Contrast Settings,Visual,N/A,119
1188,Pause Gameplay,General,N/A,120
1189,Save Progress,General,N/A,120
1190,Tutorials,General,N/A,120
1191,Fixed Save Points,General,N/A,120
1192,Volume Controls,Auditory,N/A,120
1193,Subtitles,Auditory,N/A,120
1194,Resizable,Auditory,N/A,120
1195,Contrast Settings,Visual,N/A,120
1196,Internet Connection Required,General,N/A,121
1197,Multiplayer Only,General,N/A,121
1198,Save Progress,General,N/A,121
1199,Dedicated Accessibility Menu,General,N/A,121
1200,Tutorials,General,N/A,121
1201,Fixed Save Points,General,N/A,121
1202,Volume Controls,Auditory,N/A,121
1203,Subtitles,Auditory,N/A,121
1204,Contrast Settings,Visual,N/A,121
1205,Narrator,Visual,N/A,121
1206,Colorblind Filters,Color,N/A,121
1207,Change Button Holds To Toggles,Fine motor,N/A,121
1208,Controller Customization,Fine motor,N/A,121
1209,Pause Gameplay,General,N/A,122
1210,Save Progress,General,N/A,122
1211,Dedicated Accessibility Menu,General,N/A,122
1212,Tutorials,General,N/A,122
1213,Difficulty Options,General,N/A,122
1214,Volume Controls,Auditory,N/A,122
1215,Customize HUD Color Scheme,Color,N/A,122
1216,Change Button Holds To Toggles,Fine motor,N/A,122
1217,Change Repeated Taps,Fine motor,N/A,122
1218,Quick-Time Events (QTEs),Fine motor,N/A,122
1219,Controller Customization,Fine motor,N/A,122
1220,Keyboard Rebinding,Fine motor,N/A,122
1221,Mouse Rebinding,Fine motor,N/A,122
1222,Pause Gameplay,General,N/A,123
1223,Save Progress,General,N/A,123
1224,Tutorials,General,N/A,123
1225,Difficulty Options,General,N/A,123
1226,Fixed Save Points,General,N/A,123
1227,Volume Controls,Auditory,N/A,123
1228,Contrast Settings,Visual,N/A,123
1229,Controller Customization,Fine motor,N/A,123
1230,Partial,Fine motor,N/A,123
1231,Sticks,Fine motor,N/A,123
1232,Buttons,Fine motor,N/A,123
1233,Pause Gameplay,General,N/A,124
1234,Save Progress,General,N/A,124
1235,Dedicated Accessibility Menu,General,N/A,124
1236,Tutorials,General,N/A,124
1237,Difficulty Options,General,N/A,124
1238,Fixed Save Points,General,N/A,124
1239,Volume Controls,Auditory,N/A,124
1240,Subtitles,Auditory,N/A,124
1241,Contrast Settings,Visual,N/A,124
1242,Customize HUD Color Scheme,Color,N/A,124
1243,Change Button Holds To Toggles,Fine motor,N/A,124
1244,Change Repeated Taps,Fine motor,N/A,124
1245,Controller Customization,Fine motor,N/A,124
1246,Sticks,Fine motor,N/A,124
1247,Buttons,Fine motor,N/A,124
1248,Pause Gameplay,General,N/A,125
1249,Save Progress,General,N/A,125
1250,Tutorials,General,N/A,125
1251,Difficulty Options,General,N/A,125
1252,Fixed Save Points,General,N/A,125
1253,Volume Controls,Auditory,N/A,125
1254,Subtitles,Auditory,N/A,125
1255,Contrast Settings,Visual,N/A,125
1256,Customize HUD Color Scheme,Color,N/A,125
1257,Colorblind Filters,Color,N/A,125
1258,Change Button Holds To Toggles,Fine motor,N/A,125
1259,Controller Customization,Fine motor,N/A,125
1260,Keyboard Rebinding,Fine motor,N/A,125
1261,Mouse Rebinding,Fine motor,N/A,125
1262,Pause Gameplay,General,N/A,126
1263,Save Progress,General,N/A,126
1264,Dedicated Accessibility Menu,General,N/A,126
1265,Tutorials,General,N/A,126
1266,Difficulty Options,General,N/A,126
1267,Fixed Save Points,General,N/A,126
1268,Volume Controls,Auditory,N/A,126
1269,Subtitles,Auditory,N/A,126
1270,Resizable,Auditory,N/A,126
1271,Background,Auditory,N/A,126
1272,Contrast Settings,Visual,N/A,126
1273,Narrator,Visual,N/A,126
1274,Colorblind Filters,Color,N/A,126
1275,Change Button Holds To Toggles,Fine motor,N/A,126
1276,Controller Customization,Fine motor,N/A,126
1277,Partial,Fine motor,N/A,126
1278,Keyboard Rebinding,Fine motor,N/A,126
1279,Mouse Rebinding,Fine motor,N/A,126
1280,Sticks,Fine motor,N/A,126
1281,Buttons,Fine motor,N/A,126
1282,Pause Gameplay,General,N/A,127
1283,Tutorials,General,N/A,127
1284,Difficulty Options,General,N/A,127
1285,Volume Controls,Auditory,N/A,127
1286,Subtitles,Auditory,N/A,127
1287,Contrast Settings,Visual,N/A,127
1288,Colorblind Filters,Color,N/A,127
1289,Change Button Holds To Toggles,Fine motor,N/A,127
1290,Partial,Fine motor,N/A,127
1291,Keyboard Rebinding,Fine motor,N/A,127
1292,Mouse Rebinding,Fine motor,N/A,127
1293,Sticks,Fine motor,N/A,127
1294,Save Progress,General,N/A,128
1295,Dedicated Accessibility Menu,General,N/A,128
1296,Tutorials,General,N/A,128
1297,Difficulty Options,General,N/A,128
1298,Fixed Save Points,General,N/A,128
1299,Volume Controls,Auditory,N/A,128
1300,Subtitles,Auditory,N/A,128
1301,Contrast Settings,Visual,N/A,128
1302,Change Repeated Taps,Fine motor,N/A,128
1303,Quick-Time Events (QTEs),Fine motor,N/A,128
1304,Controller Customization,Fine motor,N/A,128
1305,Partial,Fine motor,N/A,128
1306,Sticks,Fine motor,N/A,128
1307,Save Progress,General,N/A,129
1308,Pause Gameplay,General,N/A,130
1309,Save Progress,General,N/A,130
1310,Tutorials,General,N/A,130
1311,Volume Controls,Auditory,N/A,130
1312,Subtitles,Auditory,N/A,130
1313,Contrast Settings,Visual,N/A,130
1314,Keyboard Rebinding,Fine motor,N/A,130
1315,Mouse Rebinding,Fine motor,N/A,130
1316,Pause Gameplay,General,N/A,131
1317,Save Progress,General,N/A,131
1318,Fixed Save Points,General,N/A,131
1319,Subtitles,Auditory,N/A,131
1320,Pause Gameplay,General,N/A,132
1321,Save Progress,General,N/A,132
1322,Tutorials,General,N/A,132
1323,Fixed Save Points,General,N/A,132
1324,Subtitles,Auditory,N/A,132
1325,Pause Gameplay,General,N/A,133
1326,Save Progress,General,N/A,133
1327,Tutorials,General,N/A,133
1328,Fixed Save Points,General,N/A,133
1329,Subtitles,Auditory,N/A,133
1330,Pause Gameplay,General,N/A,134
1331,Save Progress,General,N/A,134
1332,Tutorials,General,N/A,134
1333,Fixed Save Points,General,N/A,134
1334,Subtitles,Auditory,N/A,134
1335,Save Progress,General,N/A,135
1336,Difficulty Options,General,N/A,135
1337,Customize HUD Color Scheme,Color,N/A,135
1338,Controller Customization,Fine motor,N/A,135
1339,Partial,Fine motor,N/A,135
1340,Sticks,Fine motor,N/A,135
1341,Buttons,Fine motor,N/A,135
1342,Save Progress,General,N/A,136
1343,Difficulty Options,General,N/A,136
1344,Customize HUD Color Scheme,Color,N/A,136
1345,Controller Customization,Fine motor,N/A,136
1346,Partial,Fine motor,N/A,136
1347,Sticks,Fine motor,N/A,136
1348,Buttons,Fine motor,N/A,136
1349,Pause Gameplay,General,N/A,137
1350,Save Progress,General,N/A,137
1351,Tutorials,General,N/A,137
1352,Volume Controls,Auditory,N/A,137
1353,Controller Customization,Fine motor,N/A,137
1354,Pause Gameplay,General,N/A,138
1355,Save Progress,General,N/A,138
1356,Tutorials,General,N/A,138
1357,Difficulty Options,General,N/A,138
1358,Volume Controls,Auditory,N/A,138
1359,Subtitles,Auditory,N/A,138
1360,Resizable,Auditory,N/A,138
1361,Background,Auditory,N/A,138
1362,Screen Magnifier,Visual,N/A,138
1363,Contrast Settings,Visual,N/A,138
1364,Adjustable Interface Text,Visual,N/A,138
1365,Narrator,Visual,N/A,138
1366,Customize HUD Color Scheme,Color,N/A,138
1367,Colorblind Filters,Color,N/A,138
1368,Change Button Holds To Toggles,Fine motor,N/A,138
1369,Change Repeated Taps,Fine motor,N/A,138
1370,Controller Customization,Fine motor,N/A,138
1371,Partial,Fine motor,N/A,138
1372,Sticks,Fine motor,N/A,138
1373,Buttons,Fine motor,N/A,138
1374,Pause Gameplay,General,N/A,139
1375,Save Progress,General,N/A,139
1376,Tutorials,General,N/A,139
1377,Difficulty Options,General,N/A,139
1378,Volume Controls,Auditory,N/A,139
1379,Subtitles,Auditory,N/A,139
1380,Contrast Settings,Visual,N/A,139
1381,Controller Customization,Fine motor,N/A,139
1382,Partial,Fine motor,N/A,139
1383,Sticks,Fine motor,N/A,139
1384,Buttons,Fine motor,N/A,139
1385,Pause Gameplay,General,N/A,140
1386,Save Progress,General,N/A,140
1387,Tutorials,General,N/A,140
1388,Subtitles,Auditory,N/A,140
1389,Pause Gameplay,General,N/A,141
1390,Save Progress,General,N/A,141
1391,Tutorials,General,N/A,141
1392,Fixed Save Points,General,N/A,141
1393,Subtitles,Auditory,N/A,141
1394,Pause Gameplay,General,N/A,142
1395,Save Progress,General,N/A,142
1396,Tutorials,General,N/A,142
1397,Difficulty Options,General,N/A,142
1398,Volume Controls,Auditory,N/A,142
1399,Subtitles,Auditory,N/A,142
1400,Resizable,Auditory,N/A,142
1401,Contrast Settings,Visual,N/A,142
1402,Adjustable Interface Text,Visual,N/A,142
1403,Controller Customization,Fine motor,N/A,142
1404,Partial,Fine motor,N/A,142
1405,Sticks,Fine motor,N/A,142
1406,Buttons,Fine motor,N/A,142
1407,Pause Gameplay,General,N/A,143
1408,Save Progress,General,N/A,143
1409,Tutorials,General,N/A,143
1410,Difficulty Options,General,N/A,143
1411,Fixed Save Points,General,N/A,143
1412,Volume Controls,Auditory,N/A,143
1413,Contrast Settings,Visual,N/A,143
1414,Internet Connection Required,General,N/A,144
1415,Multiplayer Only,General,N/A,144
1416,Tutorials,General,N/A,144
1417,Volume Controls,Auditory,N/A,144
1418,Subtitles,Auditory,N/A,144
1419,Colorblind Filters,Color,N/A,144
1420,Controller Customization,Fine motor,N/A,144
1421,Partial,Fine motor,N/A,144
1422,Keyboard Rebinding,Fine motor,N/A,144
1423,Mouse Rebinding,Fine motor,N/A,144
1424,Sticks,Fine motor,N/A,144
1425,Buttons,Fine motor,N/A,144
1426,Pause Gameplay,General,N/A,145
1427,Save Progress,General,N/A,145
1428,Tutorials,General,N/A,145
1429,Difficulty Options,General,N/A,145
1430,Fixed Save Points,General,N/A,145
1431,Volume Controls,Auditory,N/A,145
1432,Subtitles,Auditory,N/A,145
1433,Contrast Settings,Visual,N/A,145
1434,Colorblind Filters,Color,N/A,145
1435,Change Button Holds To Toggles,Fine motor,N/A,145
1436,Controller Customization,Fine motor,N/A,145
1437,Partial,Fine motor,N/A,145
1438,Sticks,Fine motor,N/A,145
1439,Buttons,Fine motor,N/A,145
1440,Internet Connection Required,General,N/A,146
1441,Pause Gameplay,General,N/A,146
1442,Save Progress,General,N/A,146
1443,Tutorials,General,N/A,146
1444,Difficulty Options,General,N/A,146
1445,Fixed Save Points,General,N/A,146
1446,Volume Controls,Auditory,N/A,146
1447,Subtitles,Auditory,N/A,146
1448,Resizable,Auditory,N/A,146
1449,Background,Auditory,N/A,146
1450,Contrast Settings,Visual,N/A,146
1451,Adjustable Interface Text,Visual,N/A,146
1452,Narrator,Visual,N/A,146
1453,Colorblind Filters,Color,N/A,146
1454,Change Button Holds To Toggles,Fine motor,N/A,146
1455,Change Repeated Taps,Fine motor,N/A,146
1456,Controller Customization,Fine motor,N/A,146
1457,Partial,Fine motor,N/A,146
1458,Keyboard Rebinding,Fine motor,N/A,146
1459,Sticks,Fine motor,N/A,146
1460,Buttons,Fine motor,N/A,146
1461,Pause Gameplay,General,N/A,147
1462,Save Progress,General,N/A,147
1463,Tutorials,General,N/A,147
1464,Difficulty Options,General,N/A,147
1465,Fixed Save Points,General,N/A,147
1466,Volume Controls,Auditory,N/A,147
1467,Subtitles,Auditory,N/A,147
1468,Contrast Settings,Visual,N/A,147
1469,Colorblind Filters,Color,N/A,147
1470,Change Button Holds To Toggles,Fine motor,N/A,147
1471,Keyboard Rebinding,Fine motor,N/A,147
1472,Save Progress,General,N/A,148
1473,Tutorials,General,N/A,148
1474,Difficulty Options,General,N/A,148
1475,Volume Controls,Auditory,N/A,148
1476,Colorblind Filters,Color,N/A,148
1477,Keyboard Rebinding,Fine motor,N/A,148
1478,Mouse Rebinding,Fine motor,N/A,148
1479,Pause Gameplay,General,N/A,149
1480,Save Progress,General,N/A,149
1481,Tutorials,General,N/A,149
1482,Difficulty Options,General,N/A,149
1483,Fixed Save Points,General,N/A,149
1484,Volume Controls,Auditory,N/A,149
1485,Contrast Settings,Visual,N/A,149
1486,Colorblind Filters,Color,N/A,149
1487,Pause Gameplay,General,N/A,150
1488,Save Progress,General,N/A,150
1489,Tutorials,General,N/A,150
1490,Difficulty Options,General,N/A,150
1491,Volume Controls,Auditory,N/A,150
1492,Subtitles,Auditory,N/A,150
1493,Resizable,Auditory,N/A,150
1494,Contrast Settings,Visual,N/A,150
1495,Change Button Holds To Toggles,Fine motor,N/A,150
1496,Change Repeated Taps,Fine motor,N/A,150
1497,Quick-Time Events (QTEs),Fine motor,N/A,150
1498,Controller Customization,Fine motor,N/A,150
1499,Partial,Fine motor,N/A,150
1500,Sticks,Fine motor,N/A,150
1501,Buttons,Fine motor,N/A,150
1502,Pause Gameplay,General,N/A,151
1503,Save Progress,General,N/A,151
1504,Tutorials,General,N/A,151
1505,Difficulty Options,General,N/A,151
1506,Volume Controls,Auditory,N/A,151
1507,Subtitles,Auditory,N/A,151
1508,Contrast Settings,Visual,N/A,151
1509,Change Button Holds To Toggles,Fine motor,N/A,151
1510,Change Repeated Taps,Fine motor,N/A,151
1511,Quick-Time Events (QTEs),Fine motor,N/A,151
1512,Controller Customization,Fine motor,N/A,151
1513,Partial,Fine motor,N/A,151
1514,Sticks,Fine motor,N/A,151
1515,Buttons,Fine motor,N/A,151
1516,Pause Gameplay,General,N/A,152
1517,Save Progress,General,N/A,152
1518,Tutorials,General,N/A,152
1519,Difficulty Options,General,N/A,152
1520,Volume Controls,Auditory,N/A,152
1521,Subtitles,Auditory,N/A,152
1522,Contrast Settings,Visual,N/A,152
1523,Pause Gameplay,General,N/A,153
1524,Save Progress,General,N/A,153
1525,Tutorials,General,N/A,153
1526,Fixed Save Points,General,N/A,153
1527,Volume Controls,Auditory,N/A,153
1528,Pause Gameplay,General,N/A,154
1529,Save Progress,General,N/A,154
1530,Tutorials,General,N/A,154
1531,Fixed Save Points,General,N/A,154
1532,Volume Controls,Auditory,N/A,154
1533,Subtitles,Auditory,N/A,154
1534,Contrast Settings,Visual,N/A,154
1535,Adjustable Interface Text,Visual,N/A,154
1536,Controller Customization,Fine motor,N/A,154
1537,Partial,Fine motor,N/A,154
1538,Sticks,Fine motor,N/A,154
1539,Buttons,Fine motor,N/A,154
1540,Pause Gameplay,General,N/A,155
1541,Save Progress,General,N/A,155
1542,Tutorials,General,N/A,155
1543,Difficulty Options,General,N/A,155
1544,Volume Controls,Auditory,N/A,155
1545,Subtitles,Auditory,N/A,155
1546,Resizable,Auditory,N/A,155
1547,Contrast Settings,Visual,N/A,155
1548,Controller Customization,Fine motor,N/A,155
1549,Save Progress,General,N/A,156
1550,Tutorials,General,N/A,156
1551,Difficulty Options,General,N/A,156
1552,Volume Controls,Auditory,N/A,156
1553,Subtitles,Auditory,N/A,156
1554,Contrast Settings,Visual,N/A,156
1555,Change Button Holds To Toggles,Fine motor,N/A,156
1556,Controller Customization,Fine motor,N/A,156
1557,Partial,Fine motor,N/A,156
1558,Sticks,Fine motor,N/A,156
1559,Buttons,Fine motor,N/A,156
1560,Pause Gameplay,General,N/A,157
1561,Save Progress,General,N/A,157
1562,Tutorials,General,N/A,157
1563,Difficulty Options,General,N/A,157
1564,Volume Controls,Auditory,N/A,157
1565,Subtitles,Auditory,N/A,157
1566,Contrast Settings,Visual,N/A,157
1567,Controller Customization,Fine motor,N/A,157
1568,Partial,Fine motor,N/A,157
1569,Sticks,Fine motor,N/A,157
1570,Buttons,Fine motor,N/A,157
1571,Pause Gameplay,General,N/A,158
1572,Save Progress,General,N/A,158
1573,Tutorials,General,N/A,158
1574,Difficulty Options,General,N/A,158
1575,Volume Controls,Auditory,N/A,158
1576,Subtitles,Auditory,N/A,158
1577,Contrast Settings,Visual,N/A,158
1578,Colorblind Filters,Color,N/A,158
1579,Controller Customization,Fine motor,N/A,158
1580,Partial,Fine motor,N/A,158
1581,Keyboard Rebinding,Fine motor,N/A,158
1582,Mouse Rebinding,Fine motor,N/A,158
1583,Sticks,Fine motor,N/A,158
1584,Buttons,Fine motor,N/A,158
